ts	phase	decision	why	evidence	result
2026-09-16T00:00:00Z	frame	Treat issue #3388 as a staged implementation and make the Rust API path work before expanding every SDK YAML helper	The issue spans several SDKs and many public messages; a compiling vertical slice exposes the schema and ownership decisions for review	GitHub issue #3388	open
2026-09-16T23:12:10Z	audit	Supersede the placeholder timestamp in the first row with this actual start time	The log is append-only, so the incorrect placeholder remains visible and this row corrects it	.audit/3388-public-policy-proto.tsv	corrected
2026-09-16T23:12:59Z	baseline	Base the implementation branch on current origin/main after PR #3334 merged	The public proto work should extend the canonical authored schema crate instead of recreating its parser	origin/main at c502be9fd, merge commit 2ccef9776	branch feat/3388-public-policy-proto/pimlock created
2026-09-16T23:24:18Z	contract	Keep documented policy choices as validated strings and use message presence for MCP versions	This preserves current YAML vocabulary and SDK forward compatibility while fixing the repeated-field presence gap	proto/policy.proto	public package compiles; schema tests pass
2026-09-16T23:24:18Z	migration	Retain the #3334 Serde DTO as a temporary compatibility codec around the generated message	A working public API boundary can land before the generic-tree-only codec rewrite without changing the wire contract	crates/openshell-policy-schema/src/generated.rs	generated-to-YAML round trip works
2026-09-17T00:08:00Z	boundary	Persist public policy in SandboxSpec but keep revision rows, compute-driver messages, and supervisor configuration internal	The public contract must exclude derived authority while enforcement still needs normalized provenance-bearing state	cargo check --workspace	production Rust workspace compiles across the public/internal boundary
2026-09-17T00:11:00Z	providers	Reuse the public endpoint and binary messages in ProviderProfile and lower them through openshell-policy at the gateway boundary	Provider profiles author the same policy language and should not maintain a second generated schema	crates/openshell-providers/src/profiles.rs	provider profile API uses openshell.policy.v1 while its YAML DTO remains provider-owned
2026-09-17T00:15:00Z	validation	Do not add generated proto validation annotations in this slice	Most security invariants are contextual across protocol, endpoint, provider attachment, and effective-policy composition; generated field checks would supplement but cannot replace the existing validators	architecture/security-policy.md	intrinsic schema validation remains in openshell-policy-schema and contextual validation remains in openshell-policy/gateway
2026-09-17T00:18:00Z	compatibility	Align public field numbers with the existing runtime messages wherever semantics and wire types match	Although the new major version permits source breaks, retaining compatible tags reduces persisted-record and mixed-client migration risk; intentionally reshaped JSON-RPC and MCP submessages remain explicit conversion boundaries	proto/policy.proto	common endpoint and middleware fields retain their historical wire numbers; internal authority tags are reserved
2026-09-17T00:20:00Z	verification	Treat raw generated SDK availability as complete for the vertical slice and record curated/test-fixture migration as follow-up	Rust production crates compile and Go/TypeScript generate the public package, but legacy Rust test fixtures and Go curated converters still assume runtime messages	cargo test --workspace --no-run; mise run go:ci	known incomplete migration remains visible and blocks declaring the whole issue complete
2026-09-17T00:27:00Z	api-review	Preserve historical endpoint and middleware tag numbers for semantically identical public fields	The API review found that aesthetic renumbering would turn an avoidable source break into a wire and persistence break; MCP and JSON-RPC remain intentionally reshaped where authored presence cannot use the runtime representation	proto/sandbox.proto compared with proto/policy.proto	matching fields now retain tags and runtime-only authority tags 18 and 26 are reserved
2026-09-17T00:46:00Z	audit-fix	Lower edited public draft rules before encoding the internal DraftChunkRecord	The independent audit found EditDraftChunk persisted openshell.policy.v1 bytes that later code decodes as openshell.sandbox.v1; MCP and recursive matcher layouts are not wire-compatible	crates/openshell-server/src/grpc/policy.rs handle_edit_draft_chunk	public edit input now crosses the same checked lowering boundary before internal persistence
2026-09-17T01:02:00Z	audit-fix	Make provider-profile protobuf conversion fallible at untrusted ingress	A malformed public endpoint must produce an import diagnostic instead of panicking inside the gateway	crates/openshell-providers/src/profiles.rs; crates/openshell-server/src/grpc/provider.rs	server import uses try_from_proto; the infallible wrapper is restricted to trusted validated values
2026-09-17T01:03:00Z	audit-fix	Generate the public policy package for Python and rewrite its relative import	The API binding imports policy_pb2 after openshell.proto begins referencing the public package	tasks/scripts/generate_python_proto.py	manual Python generation completes with package-local imports
2026-09-17T01:04:00Z	audit-fix	Reject middleware integers that cannot round-trip exactly through google.protobuf.Value	Struct stores numbers as f64, so accepting a larger YAML integer would silently change policy semantics	crates/openshell-policy-schema/src/generated.rs	9007199254740993 is rejected by a regression test
2026-09-17T01:05:00Z	audit-fix	Preserve present-empty MCP versions so validation can reject them	Only omission selects the pinned default; an explicitly empty authored list is invalid and must not normalize to a default	crates/openshell-core/src/mcp.rs; crates/openshell-providers/src/profiles.rs	omitted versions materialize the default while present-empty public versions fail conversion
2026-09-17T01:06:00Z	persistence	Require a clean gateway database for this new-major prototype unless a one-time migration is added	Persisted SandboxSpec and StoredProviderProfile now embed public messages whose MCP, matcher, and JSON-RPC layouts are not wire-compatible with old records	architecture/security-policy.md	policy revision rows remain compatible; mixed-version rollout and old embedded records are explicitly unsupported
2026-09-17T01:14:00Z	audit-fix	Lower standalone authored rules through a complete public SandboxPolicy	The rule-only adapter previously bypassed document-level intrinsic validation, allowing present-empty MCP versions to be normalized before rejection	crates/openshell-policy/src/lib.rs; provider boundary regression test	provider imports and draft edits now apply the same authored validation as complete policy updates
2026-09-17T01:32:00Z	verification	Open a draft PR with production Rust checks green and fixture/curated-SDK failures explicit	The implementation is a usable architecture prototype, but converting 174 Rust test fixtures and the curated Go model is separate mechanical work that should not be hidden behind a green claim	cargo check --workspace; cargo clippy --workspace --lib --bins; cargo test --workspace --no-run; mise run go:ci	production Rust and focused boundary tests pass; all-target Rust and curated Go remain draft blockers
2026-09-18T04:05:12Z	compatibility	Supersede the temporary YAML compatibility codec with strict descriptor-driven protobuf-shaped YAML	The team chose one language-neutral authored shape and accepted breaking scalar and shorthand spellings	crates/openshell-policy-schema/src/generated.rs	bounded YAML decodes directly through the openshell.policy.v1 descriptor without a rewrite shim
2026-09-18T04:05:12Z	presence	Supersede present-empty MCP versions rejection; omitted null and empty select the same pinned default	Proto3 repeated fields do not preserve presence and policy YAML now follows protobuf semantics	proto/policy.proto; crates/openshell-core/src/mcp.rs	MCP versions is a repeated string and all absence-equivalent shapes materialize the default
2026-09-18T04:05:12Z	persistence	Supersede the clean-database requirement by preserving internal durable sandbox and provider-profile wire shapes	The public schema belongs at API and file boundaries; durable gateway state remains an internal implementation detail	crates/openshell-server/proto/storage.proto; crates/openshell-server/src/storage_proto.rs	existing database rows decode without a one-time migration while API reads project to public messages
2026-09-18T04:05:12Z	sdk	Remove runtime-only authority fields from the curated Go policy model and generate openshell.policy.v1 bindings	SDK callers must not be able to author advisor or provider-derived provenance	sdk/go/openshell/v1/types/network_policy.go; sdk/go/proto/policyv1/policy.pb.go	Go API models the public matcher oneofs recursive parameters tool matcher and MCP body limit
2026-09-18T05:05:00Z	canonicalization	Give scalar port and repeated ports spellings one internal policy identity	The public proto exposes both historical fields, while hashes, history deduplication, and size enforcement require equivalent authored policies to lower identically	crates/openshell-policy/src/lib.rs	validated policies materialize ports and retain the first effective port in the scalar field
2026-09-18T05:05:00Z	limits	Measure policy size after lowering the public message to its canonical internal representation	Compact public protobuf spellings must not bypass the policy limit when defaults and normalized fields expand internally	crates/openshell-server/src/grpc/validation.rs	boundary-size tests cover omitted empty and explicit MCP defaults at and above the limit
2026-09-18T05:05:00Z	providers	Treat provider-profile protobuf messages from every source as fallible authored input	External interceptors and stored user profiles can supply malformed policy fields; catalog construction must report a failed precondition instead of panicking	crates/openshell-server/src/provider_profile_sources.rs	malformed MCP versions remain unchanged through normalization and fail catalog validation
2026-09-18T05:20:00Z	main-merge	Keep main's explicit L7 append target and express its binaries and rule payloads with the public policy proto	The target closes an authorization ambiguity and belongs to the external UpdateConfig contract alongside its authored payload	proto/openshell.proto; crates/openshell-cli/src/policy_update.rs; crates/openshell-server/src/grpc/policy.rs	CLI and Go SDK send public target binaries and public allow or deny rules; the gateway lowers them before merge
2026-09-18T05:20:00Z	storage	Persist provider_attachment_epoch in the gateway-private sandbox wire message	Main added the field to SandboxSpec and dropping it during public-to-internal storage conversion would break provider readiness generation tracking	crates/openshell-server/proto/storage.proto; crates/openshell-server/src/storage_proto.rs	old rows decode with an empty epoch and new rows round-trip it without exposing internal policy fields
2026-09-18T05:54:27Z	strict-yaml	Reject YAML mapping keys that are not strings before ProtoJSON decoding	Noyalib intentionally stringifies scalar mapping keys, which would otherwise turn numeric, boolean, or null keys into different authored data	crates/openshell-policy-schema/src/generated.rs	bounded parsing is followed by a CST key check; quoted scalar-like strings remain valid
2026-09-18T05:54:27Z	limits	Apply the 256 KiB canonical policy limit to every mutation path	Create already enforced the limit, but full replacement, global replacement, and incremental merge could persist oversized policies	crates/openshell-server/src/grpc/policy.rs; crates/openshell-server/src/grpc/validation.rs	all replacement and merge paths reject oversized canonical policies with INVALID_ARGUMENT and a request-specific field path
2026-09-18T05:54:27Z	startup	Keep an invalid baked image policy fail-closed and repairable through the gateway	Silently substituting a fallback would weaken image restrictions, while terminating immediately would prevent an operator repair before first activation	crates/openshell-supervisor/src/lib.rs	the supervisor reports rejected admission, does not launch, and accepts a later valid gateway policy
